title,canonical_name,cuisine,score,version_rank,total_versions,ingredients_count,steps_count
家常酸辣粉,家常酸辣粉,川菜,0.595,1,1,10,16
宫保鸡丁,宫保鸡丁,川菜,0.925,1,6,17,12
宫保鸡丁,宫保鸡丁,川菜,0.8200000000000001,2,6,13,9
口水鸡,口水鸡,川菜,0.66125,1,2,12,10
口水鸡,口水鸡,川菜,0.64,2,2,11,7
蚂蚁上树,蚂蚁上树,川菜,0.6942857142857142,1,4,7,12
蚂蚁上树,蚂蚁上树,川菜,0.6107142857142858,2,4,7,6
家常味盐煎肉,家常味盐煎肉,川菜,0.735,1,1,7,11
下饭回锅肉,回锅肉,川菜,0.8049999999999999,1,2,8,10
双椒回锅肉,回锅肉,川菜,0.5850000000000001,2,2,7,8
经典川味担担面,经典担担面,川菜,0.5924999999999999,1,1,18,31
鱼香肉丝,鱼香肉丝,川菜,0.7749999999999999,1,5,14,11
鱼香肉丝,鱼香肉丝,川菜,0.7150000000000001,2,5,10,5
辣子鸡,辣子鸡,川菜,0.655,1,1,9,10
麻辣血旺,麻辣血旺,川菜,0.6372727272727273,1,1,11,15
水煮豆皮肉片,水煮豆皮肉片,川菜,0.6399999999999999,1,1,17,12
水煮牛肉,水煮牛肉,川菜,0.81,1,1,15,10
麻辣香锅,麻辣香锅,川菜,0.775,1,3,10,7
麻辣香锅,麻辣香锅,川菜,0.69625,2,3,8,8
自制串串香,自制串串香,川菜,0.656875,1,1,8,6
水煮鱼片,水煮鱼,川菜,0.78,1,2,15,10
水煮鱼,水煮鱼,川菜,0.5599999999999999,2,2,3,8
四川哨子面,四川哨子面,川菜,0.7449999999999999,1,1,11,15
家常钵钵鸡,家常钵钵鸡,川菜,0.5975,1,1,4,11
酸汤肥牛,酸汤肥牛,川菜,0.6734615384615384,1,1,13,28
麻婆豆腐,麻婆豆腐,川菜,0.7846428571428572,1,4,14,10
麻婆豆腐,麻婆豆腐,川菜,0.73,2,4,10,5
子姜鸭,子姜鸭,川菜,0.67375,1,1,8,12
麻辣豆腐,麻辣豆腐,川菜,0.8363636363636364,1,1,11,9
干煸四季豆,干煸四季豆,川菜,0.7374999999999999,1,1,6,10
泡椒兔肉,泡椒兔肉,川菜,0.63,1,1,5,6
鱼香肉末茄子煲,鱼香肉末茄子煲,川菜,0.8026923076923076,1,1,13,12
泡椒凤爪,泡椒凤爪,川菜,0.725,1,1,4,7
香辣五花肉,香辣五花肉,川菜,0.615,1,1,5,4
酸菜芋儿鸡,酸菜芋儿鸡,川菜,0.665,1,1,3,8
蒜苗五花肉,蒜苗五花肉,川菜,0.585,1,1,5,4
麻辣小火锅,麻辣小火锅,川菜,0.675,1,1,6,5
蒜香血粑,蒜香血粑,川菜,0.6300000000000001,1,1,5,6
四川辣椒油,四川辣椒油,川菜,0.7542857142857142,1,1,7,15
水煮肉片,水煮肉片,川菜,0.64,1,1,13,16
金汤肥牛,金汤肥牛,川菜,0.6333333333333333,1,1,9,14
钵钵鸡,钵钵鸡,川菜,0.7184615384615385,1,3,13,18
钵钵鸡,钵钵鸡,川菜,0.67,2,3,9,21
家常酸汤肥牛,家常酸汤肥牛,川菜,0.68,1,1,4,9
椒麻鸡,椒麻鸡,川菜,0.6975,1,1,6,16
烧白,烧白,川菜,0.54,1,1,6,12
宫保虾球,宫保虾球,川菜,0.7309375,1,1,16,20
酸菜桂花鱼,酸菜桂花鱼,川菜,0.7354545454545454,1,1,11,10
藤椒鸡,藤椒鸡,川菜,0.615,1,1,5,10
狼牙土豆,狼牙土豆,川菜,0.625,1,1,8,5
酸菜鱼,酸菜鱼,川菜,0.6475000000000001,1,1,6,6
香辣豆腐,香辣豆腐,川菜,0.675,1,1,6,7
川味凉拌猪腱子,凉拌猪腱子,川菜,0.698125,1,1,16,10
宫保鱼丁,宫保鱼丁,川菜,0.6043749999999999,1,1,8,15
腌笃鲜,腌笃鲜,徽菜,0.6900000000000001,1,10,7,8
腌笃鲜,腌笃鲜,徽菜,0.685,2,10,9,13
淮南牛肉汤+发面葱油饼,淮南牛肉汤+发面葱油饼,徽菜,0.685,1,1,20,23
骨头汤泡炒米,骨头汤泡炒米,徽菜,0.7350000000000001,1,1,7,8
酒菠萝版腌笃鲜,酒菠萝版腌笃鲜,徽菜,0.6512500000000001,1,1,8,15
腊肉版腌笃鲜,腊肉版腌笃鲜,徽菜,0.685,1,1,8,11
清明菜粑粑,清明菜粑粑,徽菜,0.7050000000000001,1,1,6,10
粉蒸肉,粉蒸肉,徽菜,0.5635714285714286,1,1,7,7
朱洪武豆腐,朱洪武豆腐,徽菜,0.6646428571428572,1,1,14,26
火腿炒红椒,火腿炒红椒,徽菜,0.6,1,1,6,5
臭鳜鱼,臭鳜鱼,徽菜,0.5533333333333332,1,1,9,4
鱼咬羊,鱼咬羊,徽菜,0.69625,1,1,12,13
梅干菜烧肉,梅干菜烧肉,徽菜,0.6278571428571429,1,1,7,11
红烧臭鳜鱼,红烧臭鳜鱼,徽菜,0.73,1,1,14,4
香肠肉松粢饭,香肠肉松粢饭,徽菜,0.57125,1,1,4,6
凉拌猪心,凉拌猪心,徽菜,0.46499999999999997,1,1,7,4
麻辣小龙虾,麻辣小龙虾,徽菜,0.7266666666666666,1,1,9,5
蒸香菇盒,蒸香菇盒,徽菜,0.5549999999999999,1,1,7,3
梅干菜烧饼,梅干菜烧饼,徽菜,0.685,1,2,12,15
梅干菜饼,梅干菜烧饼,徽菜,0.635,2,2,4,10
红烧肉,红烧肉,徽菜,0.7,1,6,8,9
红烧肉,红烧肉,徽菜,0.6942857142857143,2,6,7,11
徽派魔芋烧鱼,徽派魔芋烧鱼,徽菜,0.64,1,1,9,3
香煎藕饼,香煎藕饼,徽菜,0.7150000000000001,1,1,8,10
秘制红烧肉,秘制红烧肉,徽菜,0.6625000000000001,1,1,10,20
红烧猪蹄,红烧猪蹄,徽菜,0.685,1,1,9,8
私家红烧肉,私家红烧肉,徽菜,0.7225,1,1,10,10
鸡膀根炖土豆,鸡膀根炖土豆,徽菜,0.5871428571428572,1,1,7,5
香辣红烧肉,香辣红烧肉,徽菜,0.72,1,1,7,4
徽州臭鳜鱼,徽州臭鳜鱼,徽菜,0.679375,1,1,8,3
高升排骨,高升排骨,徽菜,0.675,1,1,5,6
家传红烧肉,家传红烧肉,徽菜,0.61,1,1,10,8
毛豆腐,毛豆腐,徽菜,0.62,1,1,3,9
葫芦膜膜,葫芦膜膜,徽菜,0.5800000000000001,1,1,3,4
肉丝酸菜炒秀珍菇,肉丝酸菜炒秀珍菇,徽菜,0.5700000000000001,1,1,5,8
圆素鸡烧龙骨,圆素鸡烧龙骨,徽菜,0.6214285714285714,1,1,7,12
香煎虾饼,香煎虾饼,徽菜,0.7150000000000001,1,1,8,5
家常红烧肉,家常红烧肉,徽菜,0.6399999999999999,1,1,10,10
清明果,清明果,徽菜,0.4775,1,1,4,11
红烧划水,红烧划水,徽菜,0.6625000000000001,1,1,10,11
椒盐鱼柳,椒盐鱼柳,徽菜,0.68,1,1,3,5
粢饭包油条,粢饭包油条,徽菜,0.6050000000000001,1,1,6,6
香菇板栗烧子鸡,香菇板栗烧子鸡,徽菜,0.8176923076923077,1,1,13,12
红烧石蛙,红烧石蛙,徽菜,0.655,1,1,13,5
椒盐蘑菇,椒盐蘑菇,徽菜,0.605,1,1,3,5
干锅啤酒鸭,干锅啤酒鸭,徽菜,0.73,1,1,8,10
干贝蒸萝卜,干贝蒸萝卜,徽菜,0.6,1,1,7,9
香菇卤豆干,香菇卤豆干,徽菜,0.5299999999999999,1,1,4,6
拔丝芋头,拔丝芋头,徽菜,0.6799999999999999,1,2,3,9
拔丝芋头,拔丝芋头,徽菜,0.6499999999999999,2,2,3,5
全家福汤,全家福汤,徽菜,0.6300000000000001,1,1,5,11
翡翠虾仁,翡翠虾仁,徽菜,0.5825,1,1,4,6
土豆老鸭汤,土豆老鸭汤,徽菜,0.54,1,1,7,9
酱香琵琶腿卤蛋,酱香琵琶腿卤蛋,徽菜,0.6399999999999999,1,1,10,10
酱汁面筋包肉,酱汁面筋包肉,徽菜,0.6175,1,1,10,11
春笋炒年糕,春笋炒年糕,浙菜,0.6425,1,1,4,10
避风塘酥脆虾,避风塘酥脆虾,浙菜,0.7000000000000001,1,1,10,13
拍黄瓜,拍黄瓜,浙菜,0.44999999999999996,1,1,5,4
酸辣柠檬大虾,酸辣柠檬大虾,浙菜,0.8049999999999999,1,1,14,9
虾味球冬瓜三色芝士年糕,虾味球冬瓜三色芝士年糕,浙菜,0.6749999999999999,1,1,5,6
炸响铃,炸响铃,浙菜,0.55375,1,1,8,11
鸡蛋青菜炒年糕,鸡蛋青菜炒年糕,浙菜,0.7225,1,1,6,10
擂灰圆,擂灰圆,浙菜,0.5249999999999999,1,1,5,8
年糕炒香肠,年糕炒香肠,浙菜,0.7525000000000001,1,1,8,8
田螺塞肉,田螺塞肉,浙菜,0.7987500000000001,1,1,12,7
鲮鱼饼虾仁汤年糕,鲮鱼饼虾仁汤年糕,浙菜,0.63,1,1,5,8
排骨萝卜汤年糕,排骨萝卜汤年糕,浙菜,0.5449999999999999,1,1,3,4
龙井虾仁,龙井虾仁,浙菜,0.5299999999999999,1,1,4,5
包心菜鸡腿煮年糕,包心菜鸡腿煮年糕,浙菜,0.735,1,1,5,8
银耳红薯花色年糕,银耳红薯花色年糕,浙菜,0.74,1,1,4,8
家乡咸汤圆,家乡咸汤圆,浙菜,0.7685714285714287,1,1,14,23
鸡翅炖年糕,鸡翅炖年糕,浙菜,0.7695454545454545,1,1,11,10
炒年糕,炒年糕,浙菜,0.8049999999999999,1,1,10,8
蒜爆目鱼花,蒜爆目鱼花,浙菜,0.6900000000000001,1,1,5,11
桂花年糕,桂花年糕,浙菜,0.6849999999999999,1,1,3,6
温州松糕,温州松糕,浙菜,0.6599999999999999,1,1,5,11
酱鸭,酱鸭,浙菜,0.655,1,1,10,5
咸菜榨菜丝粢饭团,咸菜榨菜丝粢饭团,浙菜,0.6125,1,1,4,7
毛豆烧素记,毛豆烧素记,浙菜,0.555,1,1,6,8
油焖春笋,油焖春笋,浙菜,0.7262500000000001,1,2,8,6
油焖春笋,油焖春笋,浙菜,0.50375,2,2,4,6
避风塘炒虾,避风塘炒虾,浙菜,0.7050000000000001,1,1,6,12
鸭子煲,鸭子煲,浙菜,0.6,1,1,7,5
粢饭团,粢饭团,浙菜,0.525,1,1,5,6
宁波鳗鲞,宁波鳗鲞,浙菜,0.585,1,1,3,8
葱油拌面,葱油拌面,浙菜,0.59375,1,1,4,8
糖醋排骨,糖醋排骨,浙菜,0.8831578947368421,1,1,19,20
豆沙八宝饭,豆沙八宝饭,浙菜,0.555,1,1,7,12
草头圈子,草头圈子,浙菜,0.8183333333333334,1,1,9,10
梅干菜烧肉,梅干菜烧肉,浙菜,0.6799999999999999,1,1,6,10
衢州烤饼,衢州烤饼,浙菜,0.58625,1,1,4,6
牛腩烧土豆和胡萝卜,牛腩烧土豆和胡萝卜,浙菜,0.695,1,1,15,18
肉末雪菜年糕,肉末雪菜年糕,浙菜,0.6575,1,1,6,8
鸡蛋麻糍,鸡蛋麻糍,浙菜,0.6300000000000001,1,1,5,7
斩鱼圆,斩鱼圆,浙菜,0.745,1,1,9,9
扬州干丝炒肉丝,扬州干丝炒肉丝,浙菜,0.7525,1,1,10,16
蘸汁毛蛤,蘸汁毛蛤,浙菜,0.6200000000000001,1,1,4,10
红烧冬瓜,红烧冬瓜,浙菜,0.7374999999999999,1,1,6,5
笋干炖肉,笋干炖肉,浙菜,0.5807142857142857,1,1,7,6
鸡翅根炖鲍鱼,鸡翅根炖鲍鱼,浙菜,0.7925,1,1,12,13
梅干菜酥饼,梅干菜酥饼,浙菜,0.7350000000000001,1,1,5,32
龙游发糕,龙游发糕,浙菜,0.635,1,1,4,4
糟烩鞭笋,糟烩鞭笋,浙菜,0.6600000000000001,1,1,6,3
宽粉面结汤,宽粉面结汤,浙菜,0.585,1,1,5,8
梅干菜炖排骨,梅干菜炖排骨,浙菜,0.7131249999999999,1,1,8,22
杭椒牛柳,杭椒牛柳,浙菜,0.725,1,2,9,7
杭椒牛柳,杭椒牛柳,浙菜,0.7150000000000001,2,2,10,4
南瓜蒸肉,南瓜蒸肉,浙菜,0.5650000000000001,1,1,6,3
奇亚籽腐乳肉,奇亚籽腐乳肉,浙菜,0.6799999999999999,1,1,4,9
开洋肉米芋头羹,开洋肉米芋头羹,浙菜,0.7050000000000001,1,1,7,11
蕃莳庆糕,蕃莳庆糕,浙菜,0.63,1,1,5,9
萝卜丝索面,萝卜丝索面,浙菜,0.5249999999999999,1,1,5,5
米筛爬,米筛爬,浙菜,0.64,1,1,8,24
咸干菜扣肉,咸干菜扣肉,浙菜,0.61,1,1,9,21
八宝鸡,八宝鸡,浙菜,0.6603571428571429,1,1,14,8
番薯汤果,番薯汤果,浙菜,0.49999999999999994,1,1,3,7
东坡肉,东坡肉,浙菜,0.715,1,1,9,8
西湖牛肉羹,西湖牛肉羹,浙菜,0.6645454545454546,1,1,11,8
清蒸鳜鱼,清蒸鳜鱼,浙菜,0.765,1,1,7,5
包菜炒年糕,包菜炒年糕,浙菜,0.765,1,1,5,7
桂花糯米藕,桂花糯米藕,浙菜,0.5900000000000001,1,1,3,8
宋嫂鱼羹,宋嫂鱼羹,浙菜,0.7516666666666667,1,1,9,6
萌趣猫爪青团,萌趣猫爪青团,浙菜,0.5978571428571429,1,1,7,14
烤菜年糕,烤菜年糕,浙菜,0.6974999999999999,1,1,6,10
剁椒鱼头,剁椒鱼头,湘菜,0.9156250000000001,1,23,8,9
剁椒鱼头,剁椒鱼头,湘菜,0.8500000000000001,2,23,9,20
擂辣椒皮蛋,擂辣椒皮蛋,湘菜,0.7056250000000001,1,3,8,3
擂辣椒茄子皮蛋,擂辣椒皮蛋,湘菜,0.645,2,3,5,9
湖南猪油拌粉,湖南猪油拌粉,湘菜,0.73,1,1,11,3
湖南面子扣肉,湖南面子扣肉,湘菜,0.765625,1,1,8,9
湖蒜蓉剁辣椒,湖蒜蓉剁辣椒,湘菜,0.645,1,1,5,6
麻婆豆腐,麻婆豆腐,湘菜,0.76,1,1,12,25
麻辣小龙虾,麻辣小龙虾,湘菜,0.8200000000000001,1,8,14,13
麻辣小龙虾,麻辣小龙虾,湘菜,0.7966666666666666,2,8,9,9
腊味合蒸,腊味合蒸,湘菜,0.665,1,1,4,4
干捞粉丝,干捞粉丝,湘菜,0.64,1,1,9,11
剁椒萝卜皮,剁椒萝卜皮,湘菜,0.5599999999999999,1,1,4,3
坛子菜蒸五花肉,坛子菜蒸五花肉,湘菜,0.5571428571428572,1,1,7,7
蒜香腊鸡腿,蒜香腊鸡腿,湘菜,0.75,1,1,6,9
外婆菜,外婆菜,湘菜,0.625,1,1,12,12
小炒牛肉,小炒牛肉,湘菜,0.7274999999999999,1,2,12,5
小炒牛肉,小炒牛肉,湘菜,0.685,2,2,8,13
芷江鸭,芷江鸭,湘菜,0.6941666666666667,1,1,18,5
炒汤粉,炒汤粉,湘菜,0.5800000000000001,1,1,8,11
香辣小龙虾,香辣小龙虾,湘菜,0.6836363636363636,1,2,11,7
香辣龙虾,香辣小龙虾,湘菜,0.6583333333333332,2,2,9,9
外婆菜炒鸡蛋,外婆菜炒鸡蛋,湘菜,0.545,1,1,3,7
辣炒小龙虾,辣炒小龙虾,湘菜,0.6333333333333334,1,1,9,5
自制湖南米豆腐,自制湖南米豆腐,湘菜,0.6900000000000001,1,1,6,22
双椒蒸鱼,双椒蒸鱼,湘菜,0.6237499999999999,1,1,4,10
双色鱼头,双色鱼头,湘菜,0.835,1,1,12,10
湖南坛子伏鱼,湖南坛子伏鱼,湘菜,0.635,1,1,3,9
双椒鱼头,双椒鱼头,湘菜,0.765,1,1,9,11
土匪鸡,土匪鸡,湘菜,0.865,1,1,21,9
辣炒小干鱼,辣炒小干鱼,湘菜,0.585,1,1,5,3
炒血鸭,炒血鸭,湘菜,0.5700000000000001,1,1,5,4
臭豆腐,臭豆腐,湘菜,0.49625,1,1,4,7
腌萝卜干炒腊肉,腌萝卜干炒腊肉,湘菜,0.7200000000000001,1,1,9,14
香干蒸油渣,香干蒸油渣,湘菜,0.5499999999999999,1,1,8,7
苦瓜酿肉,苦瓜酿肉,湘菜,0.6645454545454546,1,1,11,14
香辣田鸡,香辣田鸡,湘菜,0.7075,1,1,10,8
手撕包菜,手撕包菜,湘菜,0.7285714285714284,1,1,7,8
糯米蒸排骨,糯米蒸排骨,湘菜,0.6815384615384615,1,1,13,4
糖油粑粑,糖油粑粑,湘菜,0.665,1,1,3,9
酸辣魔芋豆腐,酸辣魔芋豆腐,湘菜,0.5700000000000001,1,1,5,3
红烧龙虾,红烧龙虾,湘菜,0.735,1,1,5,10
腊肠窝蛋煲仔饭,煲仔饭,粤菜,0.84625,1,11,8,13
腊味煲仔饭,煲仔饭,粤菜,0.7749999999999999,2,11,9,15
猪湿粉肠瘦肉芥菜汤,猪湿粉肠瘦肉芥菜汤,粤菜,0.7109090909090909,1,1,11,9
广式叉烧肉,广式叉烧肉,粤菜,0.8200000000000001,1,1,10,14
虎皮凤爪,虎皮凤爪,粤菜,0.7241666666666667,1,3,18,18
虎皮凤爪,虎皮凤爪,粤菜,0.7109090909090909,2,3,11,15
豉油皇鸭肠,豉油皇鸭肠,粤菜,0.75,1,1,6,8
碌鸭,碌鸭,粤菜,0.76,1,1,12,13
蚝油生菜,蚝油生菜,粤菜,0.485,1,1,4,4
竹荪猪肚鸡,竹荪猪肚鸡,粤菜,0.63,1,1,5,7
蒜香广东菜心,蒜香广东菜心,粤菜,0.5449999999999999,1,1,4,5
仔姜焖鸭,仔姜焖鸭,粤菜,0.6900000000000001,1,1,7,10
猪脚姜,猪脚姜,粤菜,0.865,1,2,10,15
猪脚姜,猪脚姜,粤菜,0.61625,2,2,4,12
盐焗鸡,盐焗鸡,粤菜,0.6599999999999999,1,2,5,8
盐焗鸡,盐焗鸡,粤菜,0.5375,2,2,4,5
生炒菜心,生炒菜心,粤菜,0.724375,1,1,8,7
广式辣肠焖饭,广式辣肠焖饭,粤菜,0.6983333333333333,1,1,9,6
五指毛桃排骨汤,五指毛桃排骨汤,粤菜,0.6300000000000001,1,1,5,7
叉烧包,叉烧包,粤菜,0.7525,1,1,10,9
虾仁滑蛋,虾仁滑蛋,粤菜,0.7050000000000001,1,1,6,11
猪肉香葱炒河粉,猪肉香葱炒河粉,粤菜,0.725,1,1,3,5
白灼菜心,白灼菜心,粤菜,0.76,1,3,9,12
白灼菜心,白灼菜心,粤菜,0.48875,2,3,4,12
猪肚鸡,猪肚鸡,粤菜,0.56,1,1,4,5
清炒菜心,清炒菜心,粤菜,0.7374999999999999,1,1,6,9
炒河粉,炒河粉,粤菜,0.6231249999999999,1,1,8,5
姜蓉鸡,姜蓉鸡,粤菜,0.54,1,1,3,7
电饭锅盐焗豉油鸡,电饭锅盐焗豉油鸡,粤菜,0.75,1,1,7,6
生腌血蛤,生腌血蛤,粤菜,0.6125,1,1,6,6
酸梅鸭,酸梅鸭,粤菜,0.5625,1,1,6,21
酱油鸡,酱油鸡,粤菜,0.54875,1,1,4,14
奶黄包,奶黄包,粤菜,0.7150000000000001,1,2,10,29
奶黄包,奶黄包,粤菜,0.5900000000000001,2,2,4,14
卤菜肠粉,卤菜肠粉,粤菜,0.525,1,1,3,5
生蚝花甲酸菜开胃汤,生蚝花甲酸菜开胃汤,粤菜,0.6200000000000001,1,1,6,5
鸡杂炒粉丝,鸡杂炒粉丝,粤菜,0.7007142857142857,1,1,7,10
广式生滚牛肉粥,广式生滚牛肉粥,粤菜,0.6275,1,1,4,5
鸡蛋肠粉,鸡蛋肠粉,粤菜,0.6599999999999999,1,1,5,6
叉烧肉,叉烧肉,粤菜,0.7375,1,1,6,9
荷香糯米鸡,荷香糯米鸡,粤菜,0.8049999999999999,1,1,14,10
芋头糕,芋头糕,粤菜,0.6318181818181817,1,1,11,13
水晶饺子,水晶饺子,粤菜,0.6150000000000001,1,1,5,7
蚝油蒜蓉生菜,蚝油蒜蓉生菜,粤菜,0.795,1,1,5,10
五指毛桃煲老鸽,五指毛桃煲老鸽,粤菜,0.5549999999999999,1,1,5,11
菠萝咕咾肉,菠萝咕咾肉,粤菜,0.71,1,1,3,7
沙姜鸡煲,沙姜鸡煲,粤菜,0.8225,1,1,12,9
下饭菜豉汁排骨,下饭菜豉汁排骨,粤菜,0.7050000000000001,1,1,7,8
白切鸡腿,白切鸡腿,粤菜,0.8200000000000001,1,1,8,10
糖不甩,糖不甩,粤菜,0.6012500000000001,1,1,4,13
简易猪肉肠,简易猪肉肠,粤菜,0.5700000000000001,1,1,6,5
蜜汁叉烧,蜜汁叉烧,粤菜,0.7542857142857143,1,1,7,12
正宗苏式熏鱼,正宗苏式熏鱼,苏菜,0.74875,1,1,12,8
软兜长鱼,软兜长鱼,苏菜,0.6877272727272727,1,1,11,9
五香虎皮鸡蛋,五香虎皮鸡蛋,苏菜,0.8281818181818182,1,1,11,9
红烧划水,红烧划水,苏菜,0.81,1,1,9,8
赣榆煎饼卷三丝,赣榆煎饼卷三丝,苏菜,0.7247058823529411,1,1,17,13
葱包桧儿,葱包桧儿,苏菜,0.735,1,1,5,9
无锡排骨,无锡排骨,苏菜,0.745,1,2,12,14
无锡酱排骨,无锡排骨,苏菜,0.7285714285714286,2,2,7,17
青团,青团,苏菜,0.585,1,1,7,12
龙虎斗烧饼,龙虎斗烧饼,苏菜,0.7395454545454545,1,1,11,17
桂花糖芋艿,桂花糖芋艿,苏菜,0.765,1,1,6,15
清蒸大闸蟹,清蒸大闸蟹,苏菜,0.6835714285714286,1,6,7,4
清蒸大闸蟹,清蒸大闸蟹,苏菜,0.6499999999999999,2,6,3,7
清炖狮子头,清炖狮子头,苏菜,0.8049999999999999,1,3,11,16
清炖狮子头,清炖狮子头,苏菜,0.7749999999999999,2,3,10,9
黄桥烧饼,黄桥烧饼,苏菜,0.6074999999999999,1,1,6,20
松鼠鱼,松鼠鱼,苏菜,0.6522727272727272,1,2,11,9
松鼠鳜鱼,松鼠鱼,苏菜,0.585,2,2,5,12
蜜三刀,蜜三刀,苏菜,0.77125,1,2,8,16
蜜三刀,蜜三刀,苏菜,0.615,2,2,5,8
扬州炒饭,扬州炒饭,苏菜,0.6300000000000001,1,1,7,5
粢饭团,粢饭团,苏菜,0.5800000000000001,1,1,6,8
双糯米蒸饭包油条,双糯米蒸饭包油条,苏菜,0.7050000000000001,1,1,6,14
腌笃鲜,腌笃鲜,苏菜,0.705,1,3,7,9
腌笃鲜,腌笃鲜,苏菜,0.645,2,3,5,9
清蒸黄花鱼,清蒸黄花鱼,苏菜,0.6681250000000001,1,1,8,8
猪肉汤圆,猪肉汤圆,苏菜,0.5057142857142857,1,1,7,4
茄胙,茄胙,苏菜,0.6775,1,1,10,9
腐乳炒菜心,腐乳炒菜心,苏菜,0.68,1,1,3,6
把子肉,把子肉,苏菜,0.715,1,1,10,9
黄焖鸡家庭版,黄焖鸡,苏菜,0.6625,1,1,10,7
涨蛋糕,涨蛋糕,苏菜,0.62,1,1,4,8
苏式响油鳝丝,苏式响油鳝丝,苏菜,0.7074999999999999,1,1,8,14
盐水虾,盐水虾,苏菜,0.795,1,3,7,6
盐水虾,盐水虾,苏菜,0.6599999999999999,2,3,5,6
鸭血粉丝汤,鸭血粉丝汤,苏菜,0.6657142857142857,1,1,14,18
红烧肉圆,红烧肉圆,苏菜,0.7112499999999999,1,1,8,11
苏式熏鱼,苏式熏鱼,苏菜,0.8425,1,2,10,8
苏式熏鱼,苏式熏鱼,苏菜,0.725,2,2,4,5
自制松子枣泥麻饼,自制松子枣泥麻饼,苏菜,0.82,1,1,12,12
西湖牛肉羹,西湖牛肉羹,苏菜,0.7618750000000001,1,1,8,16
香菇炖鸡,香菇炖鸡,苏菜,0.7285714285714286,1,1,7,7
面筋塞肉,面筋塞肉,苏菜,0.679375,1,1,8,7
双菇炖鸡,双菇炖鸡,苏菜,0.7449999999999999,1,1,10,13
西湖醋鱼,西湖醋鱼,苏菜,0.6824999999999999,1,1,6,23
虎皮鸡蛋,虎皮鸡蛋,苏菜,0.72125,1,1,4,4
清蒸手工狮子头,清蒸手工狮子头,苏菜,0.88,1,2,11,17
清蒸狮子头,清蒸手工狮子头,苏菜,0.805,2,2,11,15
清蒸鱼糜狮子头,清蒸鱼糜狮子头,苏菜,0.85,1,1,15,14
宴客菜肴松鼠鳜鱼,宴客菜肴松鼠鳜鱼,苏菜,0.82,1,1,15,24
梅菜扣肉,梅菜扣肉,苏菜,0.63875,1,1,4,7
酱汁狮子头,酱汁狮子头,苏菜,0.8753846153846154,1,1,13,12
三鲜馄饨,三鲜馄饨,苏菜,0.625,1,1,10,4
清炖甲鱼,清炖甲鱼,苏菜,0.69,1,1,5,10
黄焖栗子鸡,黄焖栗子鸡,苏菜,0.8959375,1,1,16,13
鸡丝春卷,鸡丝春卷,苏菜,0.7092307692307692,1,1,13,19
五味干丝,五味干丝,苏菜,0.7266666666666667,1,1,9,9
琥珀桃仁,琥珀桃仁,苏菜,0.5549999999999999,1,1,3,4
话梅卤汁豆腐干,话梅卤汁豆腐干,苏菜,0.82,1,1,10,10
茶香烟熏鸡,茶香烟熏鸡,苏菜,0.7804545454545454,1,1,11,13
文思豆腐羹,文思豆腐羹,苏菜,0.6000000000000001,1,1,7,7
盐水鸭,盐水鸭,苏菜,0.57,1,1,5,12
蚝烙,蚝烙,闽菜,0.4607142857142857,1,1,7,7
五指毛桃煲老鸽,五指毛桃煲老鸽,闽菜,0.55,1,1,6,9
家庭版佛跳墙,佛跳墙,闽菜,0.7276923076923076,1,4,13,8
家庭版佛跳墙,佛跳墙,闽菜,0.7,2,4,21,13
酒糟鸡,酒糟鸡,闽菜,0.66,1,1,5,11
家庭版姜母鸭,姜母鸭,闽菜,0.7449999999999999,1,1,8,10
福州红糟肉,福州红糟肉,闽菜,0.7975,1,1,10,15
福鼎肉片,福鼎肉片,闽菜,0.7159375,1,1,16,15
沙茶牛肉片,沙茶牛肉片,闽菜,0.865,1,2,14,8
沙茶牛肉,沙茶牛肉片,闽菜,0.7531818181818182,2,2,11,16
厦门海蛎煎,厦门海蛎煎,闽菜,0.686875,1,1,8,6
福建油饼,福建油饼,闽菜,0.63,1,1,5,8
闽南带鱼饭,闽南带鱼饭,闽菜,0.7350000000000001,1,1,6,10
红糖糍粑,红糖糍粑,闽菜,0.71,1,5,3,8
红糖糍粑,红糖糍粑,闽菜,0.6950000000000001,2,5,3,11
炒笋粿,炒笋粿,闽菜,0.5549999999999999,1,1,6,11
闽南炣廋肉,闽南炣廋肉,闽菜,0.65,1,1,4,4
莆仙红团,莆仙红团,闽菜,0.6625000000000001,1,1,6,11
虾仁胡萝卜粥,虾仁胡萝卜粥,闽菜,0.54,1,1,7,9
煎小蚝仔,煎小蚝仔,闽菜,0.525,1,1,5,4
蛋皮燕,蛋皮燕,闽菜,0.73,1,1,10,20
闽南蚝仔煎,闽南蚝仔煎,闽菜,0.665,1,1,6,8
闽南菜干饭,干饭,闽菜,0.7200000000000001,1,1,6,6
炒海鲜味地瓜粉,炒海鲜味地瓜粉,闽菜,0.544375,1,1,8,5
桂花红糖糍粑,桂花红糖糍粑,闽菜,0.48875,1,1,4,13
闽南粉仔粿,闽南粉仔粿,闽菜,0.5925,1,1,6,10
青椒酿肉,青椒酿肉,闽菜,0.6343749999999999,1,1,8,11
仙草烧芋圆,仙草烧芋圆,闽菜,0.72,1,1,5,9
红糟焖猪蹄,红糟焖猪蹄,闽菜,0.900625,1,1,8,16
潮汕炒薄壳,潮汕炒薄壳,闽菜,0.5974999999999999,1,1,4,4
厦门的“姜母鸭”,厦门的“姜母鸭”,闽菜,0.7749999999999999,1,1,8,5
西天尾扁食,西天尾扁食,闽菜,0.675,1,1,5,3
醉排骨,醉排骨,闽菜,0.73,1,1,8,8
多彩芋圆,多彩芋圆,闽菜,0.7350000000000001,1,1,6,11
河蚬汤,河蚬汤,闽菜,0.455,1,1,3,3
麦糕煎,麦糕煎,闽菜,0.47000000000000003,1,1,3,3
潮汕鲎粿,潮汕鲎粿,闽菜,0.686875,1,1,8,8
五香卷,五香卷,闽菜,0.5800000000000001,1,1,10,19
油饼,油饼,闽菜,0.56,1,1,6,21
炒米粉,炒米粉,闽菜,0.5800000000000001,1,1,8,8
沙县荠菜,沙县荠菜,闽菜,0.47374999999999995,1,1,4,3
茯苓糕,茯苓糕,闽菜,0.6100000000000001,1,1,8,14
二十九鱼丸走,二十九鱼丸走,闽菜,0.615,1,1,7,8
沙县拌面,沙县拌面,闽菜,0.6600000000000001,1,1,5,9
素炒螺蛳粉,素炒螺蛳粉,闽菜,0.6775,1,1,10,9
醋肉,醋肉,闽菜,0.63,1,1,5,8
豆豉蒸排骨,豆豉蒸排骨,闽菜,0.6675,1,1,6,9
黄米糕,黄米糕,闽菜,0.48,1,1,6,10
土笋冻,土笋冻,闽菜,0.56,1,1,3,5
潮汕蚝烙,潮汕蚝烙,闽菜,0.6578571428571429,1,1,7,7
海蛎煎,海蛎煎,闽菜,0.515,1,1,4,7
银耳川鸭,银耳川鸭,闽菜,0.7206250000000001,1,1,8,5
客家萝卜丸子,客家萝卜丸子,闽菜,0.5825,1,1,4,3
午餐肉螺蛳粉,午餐肉螺蛳粉,闽菜,0.5950000000000001,1,1,3,10
山药肉骨茶,山药肉骨茶,闽菜,0.6642857142857144,1,1,7,7
花甲瘦肉汤,花甲瘦肉汤,闽菜,0.46499999999999997,1,1,5,4
椰青西米露,椰青西米露,闽菜,0.6162500000000001,1,1,4,6
酸辣螺蛳粉,酸辣螺蛳粉,闽菜,0.665,1,1,4,16
牛肉丸火锅,牛肉丸火锅,闽菜,0.685,1,1,10,6
福清紫菜饼,福清紫菜饼,闽菜,0.79,1,1,8,10
客家特色沙茶焖猪手,客家特色沙茶焖猪手,闽菜,0.71,1,1,4,4
油焖大虾,油焖大虾,鲁菜,0.85,1,12,21,3
油焖大虾,油焖大虾,鲁菜,0.8049999999999999,2,12,8,10
葱烧海参,葱烧海参,鲁菜,0.8075,1,3,12,12
葱烧海参,葱烧海参,鲁菜,0.68,2,3,4,4
木须肉片,木须肉,鲁菜,0.8200000000000001,1,6,14,15
木须肉,木须肉,鲁菜,0.8200000000000001,2,6,12,10
糖醋里脊,糖醋里脊,鲁菜,0.7837500000000001,1,11,12,4
糖醋里脊,糖醋里脊,鲁菜,0.7450000000000001,2,11,9,13
把子肉,把子肉,鲁菜,0.7219230769230769,1,2,13,12
把子肉,把子肉,鲁菜,0.6892857142857143,2,2,14,8
菠萝咕咾肉,菠萝咕咾肉,鲁菜,0.835,1,1,16,10
葱爆羊肉,葱爆羊肉,鲁菜,0.705,1,2,5,7
葱爆羊肉,葱爆羊肉,鲁菜,0.5957142857142858,2,2,7,8
四喜丸子,四喜丸子,鲁菜,0.7253124999999999,1,1,16,9
德州扒鸡,德州扒鸡,鲁菜,0.7028571428571428,1,1,7,7
坛子肉,坛子肉,鲁菜,0.72,1,1,6,4
锅塌豆腐,锅塌豆腐,鲁菜,0.67,1,4,8,8
锅塌豆腐,锅塌豆腐,鲁菜,0.6249999999999999,2,4,9,3
茄汁糖醋鱼,茄汁糖醋鱼,鲁菜,0.8049999999999999,1,1,10,7
香酥鸡,香酥鸡,鲁菜,0.465,1,1,6,4
炒苜蓿肉,炒苜蓿肉,鲁菜,0.8274999999999999,1,1,10,11
油爆大虾,油爆大虾,鲁菜,0.8185714285714285,1,1,7,8
红烧大虾,红烧大虾,鲁菜,0.6900000000000001,1,1,6,12
糖醋鱼,糖醋鱼,鲁菜,0.6590909090909091,1,2,11,6
糖醋鱼,糖醋鱼,鲁菜,0.589375,2,2,8,8
金汤海参,金汤海参,鲁菜,0.55625,1,1,4,7
乳山喜饼,乳山喜饼,鲁菜,0.66,1,1,5,10
葱爆海参,葱爆海参,鲁菜,0.645,1,1,5,10
本色蒸狮子头,本色蒸狮子头,鲁菜,0.64375,1,1,8,9
芙蓉虾仁,芙蓉虾仁,鲁菜,0.544375,1,1,8,10
溜肝尖,溜肝尖,鲁菜,0.6931818181818182,1,1,11,12
宫保鸡丁,宫保鸡丁,鲁菜,0.845,1,1,15,12
酱爆小鲍鱼,酱爆小鲍鱼,鲁菜,0.6150000000000001,1,1,7,6
韭菜水焖蛋,韭菜水焖蛋,鲁菜,0.6300000000000001,1,1,5,9
醋溜土豆丝,醋溜土豆丝,鲁菜,0.72,1,1,5,7
醋溜白菜,醋溜白菜,鲁菜,0.6683333333333333,1,2,9,8
醋溜白菜,醋溜白菜,鲁菜,0.645,2,2,7,7
美味南煎丸子,美味南煎丸子,鲁菜,0.75875,1,1,12,15
酱爆鸡丁,酱爆鸡丁,鲁菜,0.6931818181818181,1,1,11,12
卷三丝,卷三丝,鲁菜,0.51,1,1,5,11
麻辣九转大肠,麻辣九转大肠,鲁菜,0.6357142857142858,1,1,14,7
河南变蛋,河南变蛋,鲁菜,0.545,1,1,3,7
蓑衣黄瓜,蓑衣黄瓜,鲁菜,0.6125,1,1,4,7
